<?xml version="1.0" encoding="ISO-8859-1"?>
<!DOCTYPE struts-config PUBLIC "-//Apache Software Foundation//DTD Struts Configuration 1.1//EN"
          "http://jakarta.apache.org/struts/dtds/struts-config_1_1.dtd">
<struts-config>
	<!-- Form Bean Definitions -->
	<form-beans>
		<form-bean name="loginForm"
			type="gov.nih.nci.security.ri.struts.forms.LoginForm" />
		<form-bean name="employeeForm"
			type="gov.nih.nci.security.ri.valueObject.Employee" />
		<form-bean name="projectForm"
			type="gov.nih.nci.security.ri.valueObject.Project" />

	</form-beans>
	<!-- Global Exception Definitions -->
	<global-exceptions>
		<exception
			type="gov.nih.nci.security.ri.exception.UserNotAuthenticatedException"
			key="" scope="request" path="show.login" />
		<exception
			handler="gov.nih.nci.security.ri.struts.DefaultExceptionHandler"
			key="" scope="request" type="java.lang.Exception"
			path="show.error.page" />
	</global-exceptions>
	<!-- Global Forward Definitions -->
	<global-forwards>
		<!-- Default forward to "Welcome" action -->
	</global-forwards>
	<!-- Action Mapping Definitions -->
	<action-mappings>
		<!-- Forwards -->
		<action path="/Welcome" forward="show.login" validate="false" />
		<action path="/viewHome" forward="main.layout" validate="false" />
		<action path="/viewErrorDetails" forward="show.error.details"
			validate="false" />

		<action path="/viewCreateEmployee"
			type="gov.nih.nci.security.ri.struts.actions.ViewCreateEmployeeAction"
			name="employeeForm" input="main.layout" validate="false"
			scope="session">
			<forward name="success" path="show.create.employee" />
			<forward name="access_denied" path="/viewHome.do" />
		</action>


		<action path="/viewCreateProject"
			type="gov.nih.nci.security.ri.struts.actions.ViewCreateProjectAction"
			name="projectForm" input="main.layout" validate="false"
			scope="session">
			<forward name="success" path="show.create.project" />
			<forward name="access_denied" path="/viewHome.do" />
		</action>

		<action path="/viewSearchEmployee" name="employeeForm"
			forward="show.search.employee" validate="false" />

		<action path="/login"
			type="gov.nih.nci.security.ri.struts.actions.LoginAction"
			name="loginForm" input="main.layout" scope="session">
			<forward name="success" path="main.layout" />
			<forward name="access_denied" path="/Welcome.do" />
		</action>


		<action path="/createEmployee"
			type="gov.nih.nci.security.ri.struts.actions.CreateEmployeeAction"
			name="employeeForm" input="show.create.employee" validate="true"
			scope="session">
			<forward name="success" path="/viewEmployee.do" />
		</action>

		<action path="/searchEmployee"
			type="gov.nih.nci.security.ri.struts.actions.SearchEmployeeAction"
			name="employeeForm" input="show.search.employee" validate="false"
			scope="session">
			<forward name="success" path="show.employee.search.results" />
			<forward name="access_denied" path="/viewSearchEmployee.do" />
		</action>

		<action path="/viewEmployee"
			type="gov.nih.nci.security.ri.struts.actions.ViewEmployeeAction"
			name="employeeForm" input="show.employee" validate="false"
			scope="session">
			<forward name="success" path="show.employee" />
			<forward name="access_denied" path="/viewSearchEmployee.do" />
		</action>


		<action path="/updateEmployee"
			type="gov.nih.nci.security.ri.struts.actions.UpdateEmployeeAction"
			name="employeeForm" input="show.employee" validate="false"
			scope="session">
			<forward name="success" path="/viewEmployee.do" />
		</action>



		<action path="/createProject"
			type="gov.nih.nci.security.ri.struts.actions.CreateProjectAction"
			name="projectForm" input="show.create.project" validate="true"
			scope="session">
			<forward name="success" path="show.create.project" />
			<forward name="access_denied" path="/viewHome.do" />
		</action>

		<action path="/Logout"
			type="gov.nih.nci.security.ri.struts.actions.LogoutAction">
			<forward name="success" path="/Welcome.do" />
		</action>

		<action path="/base"
			type="gov.nih.nci.security.ri.action.BaseAction" />

	</action-mappings>
	<!-- Controller Configuration -->
	<controller
		processorClass="org.apache.struts.tiles.TilesRequestProcessor" />
	<!-- Message Resources Definitions -->
	<message-resources parameter="resources.application" />
	<!-- Plug Ins Configuration -->
	<plug-in className="org.apache.struts.tiles.TilesPlugin">
		<set-property property="definitions-config"
			value="/WEB-INF/tiles-defs.xml" />
		<set-property property="moduleAware" value="true" />
		<set-property property="definitions-parser-validate"
			value="true" />
	</plug-in>
	<!-- end comment if struts1.0.x -->
	<plug-in className="org.apache.struts.validator.ValidatorPlugIn">
		<set-property property="pathnames"
			value="/WEB-INF/validator-rules.xml,/WEB-INF/validation.xml" />
	</plug-in>
</struts-config>