<?xml version="1.0" encoding="ISO-8859-1"?>
<!DOCTYPE tiles-definitions PUBLIC "-//Apache Software Foundation//DTD Tiles Configuration 1.1//EN"
       "http://jakarta.apache.org/struts/dtds/tiles-config_1_1.dtd">
<tiles-definitions>
	<!--  <definition name="main.layout" path="/pages/layout.jsp">
		<put name="title" value="CSM RI"/>
		<put name="header" value="/pages/header.jsp"/>
		<put name="menu" value="/pages/menu.jsp"/>
		<put name="body" value="/pages/welcome.jsp"/>
		</definition> -->

	<definition name="show.login" path="/pages/Login.jsp" />

	<!-- Main layout -->
	<definition name="main.layout" path="/pages/layout.jsp">
		<put name="title" value="CSM RI" />		
		<put name="header" value="/pages/header/header.jsp" />
		<put name="notepad" value="/pages/menu/notepad.jsp" />
		<put name="menu" value="/pages/menu/leftnav.jsp" />
		<put name="body" value="/pages/welcome.jsp" />
	</definition>

	<definition name="show.error.page" path="/pages/custom500.jsp" />


	<definition name="show.error.details"
		path="/pages/ShowErrorDetail.jsp" />

	<!-- section bases (took this out in favor of one header

	<definition name="Home" extends="main.layout">
		<put name="header" value="/pages/header/header2.jsp" />
	</definition>

	<definition name="Employee" extends="main.layout">
		<put name="header" value="/pages/header/header3.jsp" />
	</definition>

	<definition name="Project" extends="main.layout">
		<put name="header" value="/pages/header/header1.jsp" />
	</definition>
	
	-->

	<!-- Home page -->

	<definition name="Home.Main" extends="main.layout">
		<put name="body" value="/pages/home.jsp" />
		<put name="menu" value="/pages/menu/leftnav_home.jsp"/>
	</definition>

	<!-- Employee pages -->

	<definition name="show.create.employee" extends="main.layout">
		<put name="body" value="/pages/createemployee.jsp" />
		<put name="menu" value="/pages/menu/leftnav_createemployee.jsp"/>
	</definition>
	
	<definition name="show.employee" extends="main.layout">
		<put name="body" value="/pages/employeeDetail.jsp" />
	</definition>

	<definition name="show.search.employee" extends="main.layout">
		<put name="body" value="/pages/searchemployee.jsp" />
		<put name="menu" value="/pages/menu/leftnav_searchemployee.jsp"/>
	</definition>

<definition name="show.employee.search.results" extends="main.layout">
		<put name="body" value="/pages/employeesearchresults.jsp" />
		<put name="menu" value="/pages/menu/leftnav_searchemployee.jsp"/>
	</definition>


	<!-- Project pages -->

	<definition name="show.create.project" extends="main.layout">
		<put name="body" value="/pages/createProject.jsp" />
		<put name="menu" value="/pages/menu/leftnav_createproject.jsp"/>
	</definition>




</tiles-definitions>