<?xml version='1.0' encoding='UTF-8'?>
<!DOCTYPE hibernate-configuration PUBLIC "-//Hibernate/Hibernate Configuration DTD 2.0//EN" "http://hibernate.sourceforge.net/hibernate-configuration-2.0.dtd">

<hibernate-configuration>
    <session-factory>
        <property name="dialect">net.sf.hibernate.dialect.MySQLDialect</property>	
        <property name="hibernate.show_sql">true</property>
        <property name="connection.datasource">java:/csm_ri</property>
        <property name="hibernate.transaction.factory_class">net.sf.hibernate.transaction.JTATransactionFactory</property>
		<property name="transaction.manager_lookup_class">net.sf.hibernate.transaction.JBossTransactionManagerLookup</property>

        <mapping resource="gov/nih/nci/security/ri/valueObject/Employee.hbm.xml"/>
        <mapping resource="gov/nih/nci/security/ri/valueObject/EmployeeProject.hbm.xml"/>
        <mapping resource="gov/nih/nci/security/ri/valueObject/Project.hbm.xml"/>
    </session-factory>
</hibernate-configuration>