<?xml version="1.0" encoding='UTF-8'?>
<!DOCTYPE hibernate-mapping PUBLIC
                            "-//Hibernate/Hibernate Mapping DTD 3.0//EN"
                            "http://hibernate.sourceforge.net/hibernate-mapping-3.0.dtd" >


<hibernate-mapping package="gov.nih.nci.logging.api.domain">

	<class name="LogMessage" table="LOG_MESSAGE">
		<id name="id" column="LOG_ID" type="long">
			<generator class="native" />
		</id>

		<property name="application" column="APPLICATION" insert="true"
			update="true" />
		<property name="server" column="SERVER" insert="true"
			update="true" />
		<property name="logLevel" column="CATEGORY" insert="true"
			update="true" />
		<property name="thread" column="THREAD" insert="true"
			update="true" />
		<property name="userName" column="USERNAME" insert="true"
			update="true" />
		<property name="sessionID" column="SESSION_ID" insert="true"
			update="true" />
		<property name="throwable" column="THROWABLE" insert="true"
			update="true" />
		<property name="ndc" column="NDC" insert="true" update="true" />
		
		<property name="createdOn" column="CREATED_ON" insert="true"
			update="true" />
		<property name="objectID" column="OBJECT_ID" insert="true"
			update="true" />
		<property name="objectName" column="OBJECT_NAME" insert="true"
			update="true" />
		<property name="organization" column="ORGANIZATION"
			insert="true" update="true" />
		<property name="message" column="MSG" insert="true"
			update="true" />
		<property name="operation" column="OPERATION" insert="true"
			update="true" />
		<set name="objectAttributeSet" table="OBJECTATTRIBUTES"
			cascade="all" lazy="false">
			<key column="LOG_ID" />
			<many-to-many column="OBJECT_ATTRIBUTE_ID" unique="true"
				class="ObjectAttribute" />
		</set>



	</class>


</hibernate-mapping>
