<security-config>
	<upt-context-name>
		<!-- Context Name for the UPT Application -->
		csmupt
	</upt-context-name>
	<application-list>
	<!-- For every application using the security api an entry should be made here -->
		<application>
	   		<context-name>
	   			csmupt
	      	</context-name>
	      	<authentication>
		      	<authentication-provider-class>
	     			<!-- Fully qualified class name-->
	     		</authentication-provider-class>
			</authentication>
			<authorization>
			    <authorization-provider-class>
	      			<!-- Fully qualified class name-->
				</authorization-provider-class>
		        <hibernate-config-file>
					<!-- Fully qualified file path -->
					<<config_directory_base>>/csmupt.hibernate.cfg.xml
		        </hibernate-config-file>
	      	</authorization>
	   	</application>
		<application>
	   		<context-name>
	   			csm_ri
	      	</context-name>
	      	<authentication>
		      	<authentication-provider-class>
	     			<!-- Fully qualified class name-->
	     		</authentication-provider-class>
			</authentication>
			<authorization>
			    <authorization-provider-class>
	      			<!-- Fully qualified class name-->
				</authorization-provider-class>
		        <hibernate-config-file>
					<!-- Fully qualified file path -->
					<<config_directory_base>>/csm_ri.hibernate.cfg.xml
		        </hibernate-config-file>
	      	</authorization>
	   	</application>
	</application-list>
</security-config>