<?xml version="1.0" encoding="UTF-8"?>
<!DOCTYPE beans PUBLIC "-//SPRING//DTD BEAN//EN" "http://www.springframework.org/dtd/spring-beans.dtd">

<beans>


	<!-- 					-->
	<!-- Datasource mapping -->
	<!-- 					-->


	<!-- !!	NOTE:
		The beans 'CLMConnectionPoolDS' and 'CLMJndiDS' are placeholders only. The properties 
		defined for these beans are overriden by the properties provided in the clm.properties 
		file available in the classpath. Refer the clm.properties file available in the distribution.
	-->
	<bean id="CLMConnectionPoolDS"
		class="com.mchange.v2.c3p0.ComboPooledDataSource"
		destroy-method="close">
		<property name="jdbcUrl" value="jdbc:mysql://HOST:3306/clm DEFAULT URL" />
		<property name="user" value="DefaultUserName" />
		<property name="password" value="DefaultPassword" />
		<property name="driverClass" value="org.gjt.mm.mysql.Driver" />
		<property name="properties">
			<props>
				<prop key="c3p0.min_size">5</prop>
				<prop key="c3p0.max_size">20</prop>
				<prop key="c3p0.max_statements">50</prop>
				<prop key="c3p0.idle_test_period">3000</prop>
			</props>
		</property>
	</bean>
	<bean id="CLMDJndiDS" class="org.springframework.jndi.JndiObjectFactoryBean">
		<property name="jndiName" value="java:CLMDS_example_DS" />
	</bean>



	<!-- 						-->
	<!-- Hibernate configuration -->
	<!-- 						-->

	<bean id="HibernateSessionFactory"
		class="org.springframework.orm.hibernate3.LocalSessionFactoryBean">
		<property name="dataSource" ref="CLMConnectionPoolDS" />
		<property name="mappingResources">
			<list>
				<value>
					gov/nih/nci/logging/api/domain/LogMessage.hbm.xml
				</value>
				<value>
					gov/nih/nci/logging/api/domain/ObjectAttribute.hbm.xml
				</value>
			</list>
		</property>
		<property name="hibernateProperties">
			<props>
				<prop key="hibernate.dialect">
					org.hibernate.dialect.MySQLDialect
				</prop>
				<prop key="show_sql">false</prop>
				<prop key="jdbc.batch_size">30</prop>
				<prop key="hibernate.cache.use_query_cache">false</prop>
		        <prop key="hibernate.cache.use_second_level_cache">false</prop> 
			</props>
		</property>
	</bean>

</beans>
