<?xml version="1.0" encoding="UTF-8"?>
<!DOCTYPE struts-config PUBLIC "-//Apache Software Foundation//DTD Struts Configuration 1.1//EN" "http://jakarta.apache.org/struts/dtds/struts-config_1_1.dtd">

<struts-config>
	<data-sources />
	<form-beans>
		<form-bean name="loginForm"
			type="gov.nih.nci.logging.webapp.form.LoginForm" />
		<form-bean name="queryForm"
			type="gov.nih.nci.logging.webapp.form.QueryForm" />
		<form-bean name="queryResultsPagingForm"
			type="gov.nih.nci.logging.webapp.form.QueryResultsPagingForm" />

	</form-beans>

	<global-exceptions />
	<global-forwards>

		<forward name="Home" path="/Home.do" redirect="true" />
		<forward name="showPublicLogin" path="page.public.home" />
		<forward name="showHome" path="page.home" />
		<forward name="showQuery" path="page.query" />
		<forward name="showQueryResults" path="page.query.results" />
		<forward name="logout" path="/Logout.do" />
	</global-forwards>

	<action-mappings>
		<action path="/Home"
			type="gov.nih.nci.logging.webapp.action.HomeAction"
			input="/body/public_home.jsp">
			<forward name="showPublicHome" path="page.public.home" />
			<forward name="showHome" path="page.home" />
		</action>


		<action attribute="loginForm" input="page.public.home"
			name="loginForm" path="/Login" scope="request" validate="true"
			type="gov.nih.nci.logging.webapp.action.LoginAction">
			<forward name="showPublicLogin" path="page.public.home" />
			<forward name="showHome" path="/Query.do" />
			<forward name="showQuery" path="page.query" />
			<forward name="showQueryResults" path="page.query.results" />
		</action>

		<action attribute="queryForm" input="page.query"
			name="queryForm" path="/Query" scope="request" validate="true"
			type="gov.nih.nci.logging.webapp.action.QueryAction">
			<forward name="showPublicLogin" path="page.public.home" />
			<forward name="showHome" path="page.home" />
			<forward name="showQuery" path="page.query" />
			<forward name="showQueryResults" path="page.query.results" />
		</action>

		<action attribute="queryResultsPagingForm"
			input="page.query.results" name="queryResultsPagingForm"
			path="/QueryResultsPaging" scope="request"
			type="gov.nih.nci.logging.webapp.action.QueryResultsPagingAction">
			<forward name="showPublicLogin" path="page.public.home" />
			<forward name="showHome" path="page.home" />
			<forward name="showQuery" path="page.query" />
			<forward name="showQueryResults" path="page.query.results" />
		</action>

		<action path="/Logout"
			type="gov.nih.nci.logging.webapp.action.LogoutAction"
			validate="false">
			<forward name="showPublicLogin" path="page.public.home" />
		</action>



	</action-mappings>

	<controller
		processorClass="org.apache.struts.tiles.TilesRequestProcessor"
		bufferSize="4096" debug="0" />

	<message-resources
		parameter="gov.nih.nci.logging.webapp.ApplicationResources" />
	<plug-in className="org.apache.struts.tiles.TilesPlugin">
		<set-property property="definitions-config"
			value="/WEB-INF/conf/tiles-def.xml" />
		<set-property property="definitions-parser-validate"
			value="false" />
	</plug-in>
	<plug-in className="org.apache.struts.validator.ValidatorPlugIn">
		<set-property property="pathnames"
			value="/WEB-INF/conf/validator-rules.xml,/WEB-INF/conf/validation.xml" />
	</plug-in>
</struts-config>

