<?xml version="1.0"?>
<!DOCTYPE hibernate-mapping PUBLIC 
"-//Hibernate/Hibernate Mapping DTD 3.0//EN"
"http://hibernate.sourceforge.net/hibernate-mapping-3.0.dtd"> 
    
<hibernate-mapping default-lazy="false">
<!-- 
    Created by the Middlegen Hibernate plugin 2.1

    http://boss.bekk.no/boss/middlegen/
    http://www.hibernate.org/
-->

<class 
    name="gov.nih.nci.security.authorization.domainobjects.UserGroupRoleProtectionGroup" 
    table="CSM_USER_GROUP_ROLE_PG"
>

    <id
        name="userGroupRoleProtectionGroupId"
        type="java.lang.Long"
        column="USER_GROUP_ROLE_PG_ID"
    >
        <generator class="native">
		 <param name="sequence">CSM_USER_GROU_USER_GROUP_R_SEQ</param>
	 </generator>
    </id>

    <property
        name="updateDate"
        type="java.sql.Date"
        column="UPDATE_DATE"
        not-null="true"
        length="10"
    />

    <!-- Associations -->
  
    <!-- bi-directional many-to-one association to Group -->
    <many-to-one
        name="group"
        class="gov.nih.nci.security.authorization.domainobjects.Group"
        not-null="true"
    >
        <column name="GROUP_ID" />
    </many-to-one>
    <!-- bi-directional many-to-one association to User -->
    <many-to-one
        name="user"
        class="gov.nih.nci.security.authorization.domainobjects.User"
        not-null="true"
    >
        <column name="USER_ID" />
    </many-to-one>
    <!-- bi-directional many-to-one association to ProtectionGroup -->
    <many-to-one
        name="protectionGroup"
        class="gov.nih.nci.security.authorization.domainobjects.ProtectionGroup"
        not-null="true"
    >
        <column name="PROTECTION_GROUP_ID" />
    </many-to-one>
    <!-- bi-directional many-to-one association to Role -->
    <many-to-one
        name="role"
        class="gov.nih.nci.security.authorization.domainobjects.Role"
        not-null="true"
    >
        <column name="ROLE_ID" />
    </many-to-one>

</class>
</hibernate-mapping>
