<?xml version="1.0" encoding="UTF-8"?>

<!-- ===================================================================== -->
<!--                                                                       -->
<!--  JBoss Server Configuration                                           -->
<!--                                                                       -->
<!-- ===================================================================== -->

<!-- $Id: mysql-ds.xml,v 1.7 2006/07/26 16:20:55 modik Exp $ -->
<!-- ==================================================================== -->
<!--  Datasource config for MySQL using 2.0.11 driver                     -->
<!-- ==================================================================== -->


<datasources>
  <local-tx-datasource>
    <jndi-name><<application_context_name>></jndi-name>
    <connection-url><<database_url>></connection-url>
    <user-name><<database_user_id>></user-name>
    <password><<database_user_password>></password>
    <driver-class>org.gjt.mm.mysql.Driver</driver-class>
  </local-tx-datasource>
</datasources>
