<?xml version='1.0' encoding='UTF-8'?>
<!DOCTYPE hibernate-configuration PUBLIC
          "-//Hibernate/Hibernate Configuration DTD 2.0//EN"
          "http://hibernate.sourceforge.net/hibernate-configuration-2.0.dtd">
<hibernate-configuration>
    <session-factory>
        <!-- properties  -->
        <property name="connection.url">jdbc:mysql://cbiodev104.nci.nih.gov:3306/csm_ri</property>
        <property name="connection.username">ncisecurity</property>
        <property name="connection.password">ncisecurity</property>
        <property name="connection.driver_class">org.gjt.mm.mysql.Driver</property>
        <property name="dialect">net.sf.hibernate.dialect.MySQLDialect</property>	
        <property name="hibernate.show_sql">false</property>
        <property name="hibernate.dbcp.min_size">5</property>
		<property name="hibernate.dbcp.max_size">20</property>
		<property name="hibernate.dbcp.timeout">300</property>
		<property name="hibernate.dbcp.max_statements">50</property>
		<property name="hibernate.dbcp.idle_test_period">3000</property>

        <mapping resource="gov/nih/nci/security/authorization/domainobjects/Privilege.hbm.xml"/>
        <mapping resource="gov/nih/nci/security/authorization/domainobjects/Application.hbm.xml"/>
        <mapping resource="gov/nih/nci/security/authorization/domainobjects/Role.hbm.xml"/>
        <mapping resource="gov/nih/nci/security/dao/hibernate/RolePrivilege.hbm.xml"/>
        <mapping resource="gov/nih/nci/security/dao/hibernate/UserGroup.hbm.xml"/>
        <mapping resource="gov/nih/nci/security/dao/hibernate/ProtectionGroupProtectionElement.hbm.xml"/>     
        <mapping resource="gov/nih/nci/security/authorization/domainobjects/Group.hbm.xml"/>
        <mapping resource="gov/nih/nci/security/authorization/domainobjects/User.hbm.xml"/>
        <mapping resource="gov/nih/nci/security/authorization/domainobjects/ProtectionGroup.hbm.xml"/>
        <mapping resource="gov/nih/nci/security/authorization/domainobjects/ProtectionElement.hbm.xml"/>
        <mapping resource="gov/nih/nci/security/authorization/domainobjects/UserGroupRoleProtectionGroup.hbm.xml"/>
        <mapping resource="gov/nih/nci/security/authorization/domainobjects/UserProtectionElement.hbm.xml"/>
    </session-factory>
</hibernate-configuration>
